{"cameraMode":{"drawMode":0,"name":"Shaded","section":"Shading Mode"},"sceneLighting":true,"audioPlay":false,"sceneViewState":{"m_AlwaysRefresh":false,"showFog":true,"showSkybox":true,"showFlares":true,"showImageEffects":true,"showParticleSystems":true,"showVisualEffectGraphs":true,"m_FxEnabled":true},"in2DMode":false,"pivot":{"x":-14.532639503479004,"y":7.858973979949951,"z":-23.487228393554689},"rotation":{"x":0.27078184485435488,"y":-0.04389253258705139,"z":0.012293660081923008,"w":0.961543619632721},"size":14.551780700683594,"orthographic":true}